{
	"root_hp": {
		"title": "+1 Heart, +5% Regeneration",
		"frame": "challenge",
		"icon": {
			"type": "effect",
			"data": {
				"effect": "absorption"
			}
		},
		"rewards": [
			{
				"type": "puffish_skills:attribute",
				"data": {
					"attribute": "generic.max_health",
					"value": 2,
					"operation": "addition"
				}
			},
			{
				"type": "puffish_skills:attribute",
				"data": {
					"attribute": "puffish_skills:player.healing",
					"value": 0.05,
					"operation": "multiply_total"
				}
			}
		]
	},
	"root_defense": {
		"title": "+10% Resistance",
		"frame": "challenge",
		"icon": {
			"type": "effect",
			"data": {
				"effect": "resistance"
			}
		},
		"rewards": [
			{
				"type": "puffish_skills:attribute",
				"data": {
					"attribute": "puffish_skills:player.resistance",
					"value": 0.1,
					"operation": "multiply_total"
				}
			}
		]
	},
	"root_melee": {
		"title": "+10% Melee Damage",
		"frame": "challenge",
		"icon": {
			"type": "effect",
			"data": {
				"effect": "strength"
			}
		},
		"rewards": [
			{
				"type": "puffish_skills:attribute",
				"data": {
					"attribute": "puffish_skills:player.melee_damage",
					"value": 0.1,
					"operation": "multiply_total"
				}
			}
		]
	},
	"root_archer": {
		"title": "+10% Ranged Damage",
		"frame": "challenge",
		"icon": {
			"type": "item",
			"data": {
				"item": "bow"
			}
		},
		"rewards": [
			{
				"type": "puffish_skills:attribute",
				"data": {
					"attribute": "puffish_skills:player.ranged_damage",
					"value": 0.1,
					"operation": "multiply_total"
				}
			}
		]
	},
	"speed1": {
		"title": "+1% Movement Speed",
		"icon": {
			"type": "effect",
			"data": {
				"effect": "speed"
			}
		},
		"rewards": [
			{
				"type": "puffish_skills:attribute",
				"data": {
					"attribute": "generic.movement_speed",
					"value": 0.01,
					"operation": "multiply_total"
				}
			}
		]
	},
	"speed2": {
		"title": "+2% Movement Speed",
		"frame": "goal",
		"icon": {
			"type": "effect",
			"data": {
				"effect": "speed"
			}
		},
		"rewards": [
			{
				"type": "puffish_skills:attribute",
				"data": {
					"attribute": "generic.movement_speed",
					"value": 0.02,
					"operation": "multiply_total"
				}
			}
		]
	},
    "ranged1": {	
		"title": "+1% Ranged Damage",
		"icon": {
			"type": "item",
			"data": {
				"item": "arrow"
			}
		},
		"rewards": [
			{
				"type": "puffish_skills:attribute",
				"data": {
					"attribute": "puffish_skills:player.ranged_damage",
					"value": 0.01,
					"operation": "multiply_total"
				}
			}
		]
	},
    "ranged2": {	
		"title": "+2% Ranged Damage",		
		"icon": {
			"type": "item",
			"data": {
				"item": "spectral_arrow"
			}
		},
		"rewards": [
			{
				"type": "puffish_skills:attribute",
				"data": {
					"attribute": "puffish_skills:player.ranged_damage",
					"value": 0.02,
					"operation": "multiply_total"
				}
			}
		]
	},
    "ranged5": {	
		"title": "+5% Ranged Damage",
		"frame": "goal",		
		"icon": {
			"type": "item",
			"data": {
				"item": "spectral_arrow"
			}
		},
		"rewards": [
			{
				"type": "puffish_skills:attribute",
				"data": {
					"attribute": "puffish_skills:player.ranged_damage",
					"value": 0.05,
					"operation": "multiply_total"
				}
			}
		]
	},	
	"hp1": {
		"title": "+0.5 Hearts",
		"icon": {
			"type": "effect",
			"data": {
				"effect": "instant_health"
			}
		},
		"rewards": [
			{
				"type": "puffish_skills:attribute",
				"data": {
					"attribute": "generic.max_health",
					"value": 1,
					"operation": "addition"
				}
			}
		]
	},
	"hp2": {
		"title": "+1 Heart",
		"frame": "goal",		
		"icon": {
			"type": "effect",
			"data": {
				"effect": "instant_health"
			}
		},
		"rewards": [
			{
				"type": "puffish_skills:attribute",
				"data": {
					"attribute": "generic.max_health",
					"value": 2,
					"operation": "addition"
				}
			}
		]
	},
	"regen1": {
		"title": "+1% Regeneration",
		"icon": {
			"type": "effect",
			"data": {
				"effect": "regeneration"
			}
		},
		"rewards": [
			{
				"type": "puffish_skills:attribute",
				"data": {
					"attribute": "puffish_skills:player.healing",
					"value": 0.01,
					"operation": "multiply_total"
				}
			}
		]
	},
	"regen2": {
		"title": "+2% Regeneration",
		"icon": {
			"type": "effect",
			"data": {
				"effect": "regeneration"
			}
		},
		"rewards": [
			{
				"type": "puffish_skills:attribute",
				"data": {
					"attribute": "puffish_skills:player.healing",
					"value": 0.02,
					"operation": "multiply_total"
				}
			}
		]
	},	
	"regen5": {
		"title": "+5% Regeneration",
		"frame": "goal",
		"icon": {
			"type": "effect",
			"data": {
				"effect": "regeneration"
			}
		},
		"rewards": [
			{
				"type": "puffish_skills:attribute",
				"data": {
					"attribute": "puffish_skills:player.healing",
					"value": 0.05,
					"operation": "multiply_total"
				}
			}
		]
	},
	"attackspeed1": {
		"title": "+1% Attack Speed",
		"icon": {
			"type": "item",
			"data": {
				"item": "wooden_sword"
			}
		},
		"rewards": [
			{
				"type": "puffish_skills:attribute",
				"data": {
					"attribute": "generic.attack_speed",
					"value": 0.01,
					"operation": "multiply_total"
				}
			}
		]
	},
	"attackspeed2": {
		"title": "+2% Attack Speed",
		"icon": {
			"type": "item",
			"data": {
				"item": "golden_sword"
			}
		},
		"rewards": [
			{
				"type": "puffish_skills:attribute",
				"data": {
					"attribute": "generic.attack_speed",
					"value": 0.02,
					"operation": "multiply_total"
				}
			}
		]
	},	
	"attackspeed5": {
		"title": "+5% Attack Speed",
		"frame": "goal",		
		"icon": {
			"type": "item",
			"data": {
				"item": "golden_sword"
			}
		},
		"rewards": [
			{
				"type": "puffish_skills:attribute",
				"data": {
					"attribute": "generic.attack_speed",
					"value": 0.05,
					"operation": "multiply_total"
				}
			}
		]
	},
	"melee1": {
		"title": "+1% Melee Damage",
		"icon": {
			"type": "item",
			"data": {
				"item": "stone_axe"
			}
		},
		"rewards": [
			{
				"type": "puffish_skills:attribute",
				"data": {
					"attribute": "puffish_skills:player.melee_damage",
					"value": 0.01,
					"operation": "multiply_total"
				}
			}
		]
	},
	"melee2": {
		"title": "+2% Melee Damage",
		"icon": {
			"type": "item",
			"data": {
				"item": "iron_axe"
			}
		},
		"rewards": [
			{
				"type": "puffish_skills:attribute",
				"data": {
					"attribute": "puffish_skills:player.melee_damage",
					"value": 0.02,
					"operation": "multiply_total"
				}
			}
		]
	},	
	"melee5": {
		"title": "+5% Melee Damage",
		"frame": "goal",		
		"icon": {
			"type": "item",
			"data": {
				"item": "diamond_axe"
			}
		},
		"rewards": [
			{
				"type": "puffish_skills:attribute",
				"data": {
					"attribute": "puffish_skills:player.melee_damage",
					"value": 0.05,
					"operation": "multiply_total"
				}
			}
		]
	},
	"resistance1": {
		"title": "+1% Resistance",
		"icon": {
			"type": "item",
			"data": {
				"item": "leather_chestplate"
			}
		},
		"rewards": [
			{
				"type": "puffish_skills:attribute",
				"data": {
					"attribute": "puffish_skills:player.resistance",
					"value": 0.01,
					"operation": "multiply_total"
				}
			}
		]
	},
	"resistance2": {
		"title": "+2% Resistance",
		"icon": {
			"type": "item",
			"data": {
				"item": "iron_chestplate"
			}
		},
		"rewards": [
			{
				"type": "puffish_skills:attribute",
				"data": {
					"attribute": "puffish_skills:player.resistance",
					"value": 0.02,
					"operation": "multiply_total"
				}
			}
		]
	},	
	"resistance5": {
		"title": "+5% Resistance",
		"frame": "goal",		
		"icon": {
			"type": "item",
			"data": {
				"item": "diamond_chestplate"
			}
		},
		"rewards": [
			{
				"type": "puffish_skills:attribute",
				"data": {
					"attribute": "puffish_skills:player.resistance",
					"value": 0.05,
					"operation": "multiply_total"
				}
			}
		]
	},
	"miningspeed1": {
		"title": "+1% Mining Speed",
		"icon": {
			"type": "item",
			"data": {
				"item": "wooden_pickaxe"
			}
		},
		"rewards": [
			{
				"type": "puffish_skills:attribute",
				"data": {
					"attribute": "puffish_skills:player.mining_speed",
					"value": 0.01,
					"operation": "multiply_total"
				}
			}
		]
	},
	"miningspeed2": {
		"title": "+2% Mining Speed",
		"icon": {
			"type": "item",
			"data": {
				"item": "iron_pickaxe"
			}
		},
		"rewards": [
			{
				"type": "puffish_skills:attribute",
				"data": {
					"attribute": "puffish_skills:player.mining_speed",
					"value": 0.02,
					"operation": "multiply_total"
				}
			}
		]
	},	
	"miningspeed5": {
		"title": "+5% Mining Speed",
		"frame": "goal",		
		"icon": {
			"type": "item",
			"data": {
				"item": "diamond_pickaxe"
			}
		},
		"rewards": [
			{
				"type": "puffish_skills:attribute",
				"data": {
					"attribute": "puffish_skills:player.mining_speed",
					"value": 0.05,
					"operation": "multiply_total"
				}
			}
		]
	},
	"fortune1": {
		"title": "+0.01 Fortune",
		"icon": {
			"type": "item",
			"data": {
				"item": "lapis_lazuli"
			}
		},
		"rewards": [
			{
				"type": "puffish_skills:attribute",
				"data": {
					"attribute": "puffish_skills:player.fortune",
					"value": 0.01,
					"operation": "addition"
				}
			}
		]
	},
	"fortune2": {
		"title": "+0.02 Fortune",
		"icon": {
			"type": "item",
			"data": {
				"item": "diamond"
			}
		},
		"rewards": [
			{
				"type": "puffish_skills:attribute",
				"data": {
					"attribute": "puffish_skills:player.fortune",
					"value": 0.02,
					"operation": "addition"
				}
			}
		]
	},	
	"fortune5": {
		"title": "+0.05 Fortune",
		"frame": "goal",		
		"icon": {
			"type": "item",
			"data": {
				"item": "emerald"
			}
		},
		"rewards": [
			{
				"type": "puffish_skills:attribute",
				"data": {
					"attribute": "puffish_skills:player.fortune",
					"value": 0.05,
					"operation": "addition"
				}
			}
		]
	},
	"stamina1": {
		"title": "+1% Stamina",
		"icon": {
			"type": "item",
			"data": {
				"item": "beetroot"
			}
		},
		"rewards": [
			{
				"type": "puffish_skills:attribute",
				"data": {
					"attribute": "puffish_skills:player.stamina",
					"value": 0.01,
					"operation": "multiply_total"
				}
			}
		]
	},
	"stamina2": {
		"title": "+2% Stamina",
		"icon": {
			"type": "item",
			"data": {
				"item": "carrot"
			}
		},
		"rewards": [
			{
				"type": "puffish_skills:attribute",
				"data": {
					"attribute": "puffish_skills:player.stamina",
					"value": 0.02,
					"operation": "multiply_total"
				}
			}
		]
	},	
	"stamina5": {
		"title": "+5% Stamina",
		"frame": "goal",		
		"icon": {
			"type": "item",
			"data": {
				"item": "golden_carrot"
			}
		},
		"rewards": [
			{
				"type": "puffish_skills:attribute",
				"data": {
					"attribute": "puffish_skills:player.stamina",
					"value": 0.05,
					"operation": "multiply_total"
				}
			}
		]
	}	
}